Model,AUC-ROC,Accuracy,F1 (пробиотики),Precision (пробиотики),Recall (пробиотики)
Random Forest,0.9275824175824176,0.8652482269503546,0.8,0.8444444444444444,0.76
XGBoost,0.919120879120879,0.8936170212765957,0.845360824742268,0.8723404255319149,0.82
