genome,adhesion_module,antimicrobial_module,phage_defense_module,stress_module,amr_module,virulence_module,mobile_elements_module,adhesion_norm,stress_norm,phage_defense_norm,defense_vs_risk,survival_vs_mobile,adhesion_vs_genome,pred_proba,true_label
bin.1,0.07151298,-0.31337148,0.22485787,-1.7458489,0.68237805,0.39554396,-0.70915204,0.4240604,-0.51187307,-0.002567138,-0.22901626,0.5876724,0.0396135,0.2536934,0
bin.2,0.2334559,0.7888914,0.33169377,-0.40688416,0.4817132,0.25498775,-1.1777505,-0.07627034,-0.8530731,-0.1090426,0.22970155,-0.6746609,-0.040375292,0.26689506,1
bin.3,0.44626632,-0.26511478,0.1973949,2.1989965,0.9703662,0.8040186,-0.11150051,0.34271505,-0.14560038,0.007190812,0.14816566,-0.3205284,0.039287582,0.98685956,1
bin.4,-0.13523056,-0.11734635,-0.38692212,-1.3909762,-1.1352226,0.15395692,-1.1136346,-0.2138592,-0.50531805,0.4603545,0.026475118,-0.13532992,-0.02731711,0.010844458,1
